movieId,genre
2086,Crime
2086,Drama
2086,Thriller
3780,Drama
5000,Drama
5000,History
6037,Comedy
6037,Crime
6037,Mystery
6037,Thriller
703,Comedy
703,Drama
703,Romance
966,Western
6404,Drama
6404,Horror
6415,Action
6415,Adventure
6415,Comedy
228,Drama
767,Adventure
767,Family
767,Fantasy
1624,Comedy
2307,Comedy
2307,Drama
2307,Romance
4960,Drama
5122,Drama
5122,Thriller
5335,Drama
5335,Mystery
5689,Adventure
5689,Drama
5689,Romance
5723,Drama
5723,Music
5723,Romance
5854,Comedy
5854,Crime
5854,Thriller
5968,Comedy
5968,Romance
285,Action
285,Adventure
285,Fantasy
4789,Drama
6116,Adventure
6116,Comedy
6116,Drama
6116,Fantasy
6116,Music
32562,Documentary
32562,History
41769,Horror
4771,Crime
4771,Drama
4771,Mystery
98,Action
98,Adventure
98,Drama
409,Drama
409,Romance
409,War
3687,Comedy
3687,Science Fiction
4415,Crime
4415,Drama
4415,History
4415,Romance
5691,Comedy
5691,Drama
7984,Drama
8854,Action
8854,Adventure
8854,Science Fiction
55207,Mystery
55207,Thriller
64900,Drama
64900,Mystery
69746,Drama
69746,Romance
95963,Drama
95963,War
872,Comedy
872,Music
872,Romance
26578,Crime
26578,Drama
26578,Thriller
756,Animation
756,Family
756,Music
844,Drama
844,Fantasy
844,Romance
844,Science Fiction
4561,Drama
5203,Drama
5203,Romance
5961,Drama
5961,Fantasy
5961,Mystery
1613,Action
1613,Comedy
1613,Crime
1613,Thriller
1852,Drama
1852,History
1852,Thriller
4964,Comedy
4964,Drama
4964,Romance
747,Comedy
747,Horror
32078,Crime
32078,Drama
32078,Thriller
834,Action
834,Fantasy
834,Science Fiction
834,Thriller
1430,Documentary
1632,Crime
1632,Drama
1632,Thriller
7343,Drama
8367,Adventure
8832,Drama
8835,Comedy
8839,Comedy
8839,Family
8839,Fantasy
8974,Horror
8974,Science Fiction
8974,Thriller
269,Crime
269,Drama
8982,Action
8982,Crime
8982,Drama
8982,Thriller
31225,Documentary
200,Action
200,Adventure
200,Science Fiction
200,Thriller
600,Drama
600,War
201,Action
201,Adventure
201,Science Fiction
201,Thriller
243,Comedy
243,Drama
243,Music
243,Romance
343,Comedy
343,Drama
343,Romance
43177,Action
43177,Adventure
43177,Drama
43177,Family
867,Drama
867,Thriller
3001,Comedy
3001,Crime
3001,Romance
957,Comedy
957,Science Fiction
2075,Comedy
2075,Crime
2075,Drama
2075,Romance
2977,Drama
2977,Romance
1165,Drama
4553,Drama
4553,Thriller
26603,Comedy
26603,Fantasy
5910,Crime
5910,Drama
8899,Crime
8899,Drama
5994,Comedy
5994,Drama
5994,Fantasy
5994,Romance
39231,Comedy
39231,Romance
8814,Action
8814,Adventure
8814,Horror
2487,Action
2487,Drama
2487,Thriller
3580,Crime
3580,Drama
3580,Mystery
698,Action
698,Adventure
698,Science Fiction
698,Thriller
961,Action
961,Adventure
961,Comedy
961,Drama
7211,Comedy
7211,Drama
7211,Romance
476,Crime
476,Drama
4380,Comedy
4380,Drama
4380,Romance
6877,Comedy
3109,Comedy
3109,Drama
3109,Romance
692,Comedy
692,Crime
692,Horror
1382,Comedy
1382,Drama
1599,Comedy
1599,Romance
2669,Action
2669,Drama
2669,History
4923,Action
4923,Fantasy
4923,Science Fiction
4923,Thriller
2897,Adventure
2897,Comedy
2897,Family
2897,Fantasy
2897,Romance
4437,Science Fiction
4437,Thriller
5165,Drama
5165,Mystery
8195,Action
8195,Adventure
8195,Crime
8195,Thriller
8848,Crime
8848,Drama
8848,Thriller
25774,Comedy
25774,Foreign
26320,Comedy
26320,Drama
26320,Music
32686,Comedy
32686,Drama
48231,Drama
48231,Thriller
4593,Comedy
31156,Animation
401,Comedy
401,Drama
401,Romance
63,Mystery
63,Science Fiction
63,Thriller
4584,Drama
4584,Romance
26,Drama
2039,Comedy
2039,Drama
2039,Romance
4169,Crime
4169,Drama
4169,History
4169,Thriller
4248,Comedy
5038,Drama
5038,Romance
6723,Action
6723,Crime
6723,Drama
6723,Thriller
8986,Comedy
8986,Romance
8989,Comedy
8989,Family
8989,Fantasy
8999,Drama
8999,Thriller
32302,Action
32302,Comedy
32302,Family
6114,Horror
6114,Romance
8872,Comedy
8872,Music
62764,Adventure
62764,Comedy
62764,Drama
62764,Family
62764,Fantasy
62764,Science Fiction
5137,Action
5137,Adventure
5137,Mystery
5137,Science Fiction
5137,Thriller
408,Animation
408,Family
408,Fantasy
424,Drama
424,History
424,War
603,Action
603,Science Fiction
650,Crime
650,Drama
944,Action
944,Adventure
944,Comedy
944,Crime
944,Thriller
976,Drama
1417,Drama
1417,Fantasy
1417,War
6521,Drama
6521,Thriller
6522,Comedy
6522,Crime
7305,Action
7305,Adventure
7305,Drama
7305,Thriller
7916,Action
7916,Science Fiction
7916,Thriller
8009,Action
8009,Adventure
8009,Fantasy
8094,Drama
8463,Comedy
8463,Drama
8463,Romance
8584,Action
8584,Adventure
8584,Comedy
8584,Western
8672,Documentary
8850,Action
8850,Adventure
8850,Fantasy
8850,Science Fiction
8850,Thriller
8920,Animation
8920,Comedy
8920,Family
9005,Action
9005,Adventure
9005,Comedy
9005,Crime
9005,Drama
9005,Thriller
8831,Action
8831,Crime
8831,Science Fiction
8831,Thriller
8963,Action
8963,Drama
8963,Thriller
568,Drama
301,Western
389,Drama
1428,Action
4539,Documentary
981,Comedy
981,Romance
504,Crime
504,Drama
876,Action
876,Adventure
876,Fantasy
876,Science Fiction
2625,Drama
2625,Romance
4442,Action
4442,Adventure
4442,Comedy
4442,Fantasy
4442,Thriller
4566,Crime
4566,Drama
4566,Mystery
982,Mystery
982,Thriller
2438,Drama
2438,Music
1444,Comedy
1444,Drama
32456,Drama
32456,Romance
5558,Comedy
5558,Drama
8010,Action
8010,Fantasy
8010,Science Fiction
43904,Drama
43904,Romance
3043,Horror
8656,Action
8656,Drama
8656,Romance
8327,Drama
2486,Action
2486,Adventure
2486,Family
2486,Fantasy
4629,Drama
4629,Romance
8689,Adventure
8689,Horror
242,Crime
242,Drama
242,Thriller
2246,Crime
2246,Drama
8130,Comedy
8871,Comedy
8871,Family
8871,Fantasy
27899,Action
27899,Crime
27899,Drama
37853,Comedy
37853,Drama
37853,Family
37853,War
71668,Comedy
71668,Horror
71668,Thriller
990,Drama
49314,Drama
962,Adventure
962,Comedy
962,Drama
1926,Drama
1933,Drama
1933,Horror
1933,Mystery
1933,Thriller
2182,Comedy
2182,Horror
2182,Science Fiction
2212,Action
2212,Drama
2212,Horror
2212,Mystery
2212,Thriller
2981,Adventure
2981,Drama
2981,Fantasy
2981,Science Fiction
759,Comedy
759,Romance
3902,Drama
3902,Music
710,Action
710,Adventure
710,Thriller
809,Adventure
809,Animation
809,Comedy
809,Family
809,Fantasy
96,Action
96,Comedy
96,Crime
5917,Action
5917,Drama
5917,Western
6077,Action
6077,Thriller
6644,Western
26268,Action
26268,Crime
26268,Drama
26268,Mystery
26268,Thriller
27857,Drama
274,Crime
274,Drama
274,Thriller
49526,Action
49526,Crime
49526,Thriller
897,Drama
2207,Action
2207,Adventure
2207,Crime
2207,Thriller
3171,Animation
3171,Comedy
5622,Comedy
5622,Drama
5622,Foreign
5622,Music
8675,Comedy
1880,Action
1880,Thriller
833,Drama
3598,Adventure
3598,Drama
3598,Fantasy
3598,Mystery
439,Comedy
439,Drama
1636,Comedy
1636,Fantasy
1636,Romance
4550,Drama
4550,Thriller
4347,Drama
4347,Romance
4552,Drama
4552,Horror
4552,Mystery
27397,Comedy
27397,Drama
27397,Romance
42632,Documentary
42632,Music
2202,Adventure
2202,Drama
2202,Family
4772,Comedy
4772,Drama
4772,Thriller
8129,Drama
8129,Romance
33138,Documentary
1826,Comedy
1826,Drama
1826,Romance
4822,Adventure
4822,Fantasy
4822,Romance
8859,Comedy
8915,Adventure
679,Action
679,Horror
679,Science Fiction
679,Thriller
816,Comedy
816,Crime
816,Science Fiction
1404,Drama
755,Action
755,Crime
755,Horror
755,Thriller
1669,Action
1669,Adventure
1669,Thriller
2894,Drama
2894,History
2894,War
187,Action
187,Crime
187,Thriller
5279,Drama
5279,Mystery
5279,Thriller
5506,Comedy
5506,Crime
4516,Comedy
43869,Adventure
43869,Family
2007,Drama
3515,Action
3515,Crime
3515,Drama
3515,Thriller
4486,Drama
4488,Horror
4723,Comedy
4723,Science Fiction
4723,Thriller
5353,Action
5353,Adventure
5353,Drama
5353,Thriller
5923,Action
5923,Adventure
5923,Drama
5923,Romance
5923,War
6535,Drama
6950,Action
6950,Drama
6950,Science Fiction
6950,Thriller
6963,Comedy
6963,Drama
7095,Comedy
7095,Drama
7095,Science Fiction
7294,Comedy
7294,Drama
7294,Romance
7450,Action
7450,Adventure
7450,Animation
7450,Family
7450,Science Fiction
8870,Action
8870,Science Fiction
8870,Thriller
393,Action
393,Crime
393,Thriller
886,Drama
5879,Drama
5879,Romance
6615,Comedy
6615,Drama
6615,Romance
7012,Drama
7012,Science Fiction
7012,TV Movie
42013,Comedy
42013,Drama
42725,Action
42725,Drama
2164,Action
2164,Adventure
2164,Science Fiction
4543,Comedy
5172,Adventure
5172,Comedy
5172,Drama
5172,Science Fiction
1942,Mystery
1942,Thriller
2210,Comedy
2210,Drama
2210,Music
2210,Romance
2210,Science Fiction
5001,Drama
8275,Comedy
8840,Fantasy
8968,Drama
8968,Horror
8968,Mystery
8968,Thriller
25993,Horror
25993,Mystery
25993,Thriller
26171,Drama
30892,Comedy
30892,Drama
51044,Drama
51044,Music
51044,Romance
769,Crime
769,Drama
1922,Drama
2330,Action
2330,Comedy
2330,Crime
2972,Horror
2972,Science Fiction
2972,Thriller
5825,Comedy
5899,Comedy
8860,Action
8860,Adventure
8860,Comedy
8860,Crime
8860,Thriller
40723,Drama
40723,Horror
702,Drama
25750,Horror
49299,Drama
2636,Action
2636,Thriller
2637,Drama
2637,Horror
2637,Mystery
2649,Drama
2649,Mystery
2649,Thriller
2652,Drama
2652,Thriller
2758,Comedy
2758,Family
2758,Fantasy
559,Action
559,Adventure
559,Fantasy
573,Crime
573,Drama
573,Mystery
573,Thriller
620,Comedy
620,Fantasy
681,Action
681,Adventure
681,Thriller
690,Crime
690,Drama
793,Crime
793,Drama
793,Mystery
793,Thriller
820,Drama
820,History
820,Thriller
854,Comedy
854,Crime
854,Fantasy
854,Romance
2062,Animation
2062,Comedy
2062,Family
2062,Fantasy
27815,Horror
1878,Adventure
1878,Comedy
1878,Drama
213,Mystery
213,Thriller
214,Crime
214,Horror
214,Thriller
869,Action
869,Adventure
869,Science Fiction
869,Thriller
889,Comedy
889,Family
889,Romance
889,Science Fiction
987,Comedy
987,Drama
987,Romance
1992,Action
1992,Horror
1992,Thriller
2323,Drama
2323,Fantasy
2620,Action
2620,Comedy
2620,Crime
2891,Drama
4031,Comedy
4031,Drama
4961,Fantasy
4961,Horror
4961,Thriller
4977,Animation
4977,Drama
4977,Mystery
4977,Science Fiction
4977,Thriller
5072,Comedy
5072,Horror
5072,Thriller
5955,Crime
5955,Drama
5955,Mystery
5955,Thriller
6279,Comedy
6279,Music
522,Comedy
522,Drama
522,History
845,Crime
845,Drama
845,Thriller
1040,Drama
100,Comedy
100,Crime
83,Drama
83,Thriller
470,Crime
470,Drama
470,Thriller
510,Drama
251,Drama
251,Fantasy
251,Mystery
251,Romance
251,Thriller
433,Comedy
433,Family
433,Fantasy
275,Crime
275,Drama
275,Thriller
414,Action
414,Crime
414,Fantasy
453,Drama
453,Romance
564,Action
564,Adventure
564,Fantasy
828,Drama
828,Science Fiction
828,Thriller
1433,Drama
1433,Fantasy
1433,Horror
1433,Science Fiction
1433,Thriller
1440,Drama
1440,Romance
1647,Action
1647,Thriller
1919,Drama
1919,Romance
2292,Comedy
2453,Action
2453,Thriller
26326,Comedy
26326,Music
8363,Comedy
26606,Crime
26606,Drama
26606,Music
651,Comedy
651,Drama
651,War
4480,Drama
4688,Adventure
4688,Drama
4688,Music
4688,Romance
8208,Drama
8208,Thriller
3513,Action
3513,Adventure
3513,Drama
3513,History
3513,Thriller
2074,Comedy
2074,Romance
2493,Adventure
2493,Comedy
2493,Family
2493,Fantasy
2493,Romance
7303,Comedy
7303,Drama
7303,Romance
25898,Comedy
26325,Action
26325,Adventure
26325,Comedy
1807,Crime
1807,Drama
3766,Crime
3766,Drama
3766,Mystery
479,Action
479,Adventure
479,Crime
479,Thriller
626,Drama
626,Fantasy
742,Comedy
742,Drama
742,Romance
992,Comedy
992,Drama
992,Fantasy
992,Mystery
2045,Drama
2045,Mystery
2045,Science Fiction
2045,Thriller
178,Action
178,Drama
178,Thriller
956,Action
956,Adventure
956,Thriller
8866,Comedy
8866,Romance
4241,Comedy
4241,Drama
4241,Horror
4241,Thriller
714,Action
714,Adventure
714,Thriller
7980,Drama
7980,Fantasy
1887,Drama
1887,History
279,Drama
279,History
279,Music
346,Action
346,Drama
496,Comedy
746,Drama
746,History
803,Documentary
803,History
803,War
824,Drama
824,Music
824,Romance
927,Comedy
927,Fantasy
927,Horror
1050,Comedy
1050,Drama
1050,Foreign
1253,Drama
1253,Romance
1913,Drama
1939,Drama
1939,Mystery
2056,Comedy
2056,Drama
2112,Action
2112,Crime
2112,Drama
2112,Thriller
2171,Comedy
2204,Drama
2610,Comedy
2610,Drama
2610,Romance
2621,Comedy
2621,Drama
2621,Romance
3121,Drama
3121,Music
3989,Action
3989,Adventure
3989,Animation
3989,Comedy
3989,Music
4043,Comedy
4043,Drama
4043,Romance
4108,Action
4108,Crime
4108,Thriller
4175,Drama
4281,Crime
4281,Drama
4281,Mystery
4281,Thriller
4349,Action
4349,Drama
4349,Thriller
4464,Drama
4464,History
4474,Action
4474,Comedy
4474,Crime
4474,Drama
4474,Fantasy
4474,Science Fiction
4515,Action
4515,Adventure
4515,Drama
4515,History
4927,Comedy
4927,Drama
4927,Romance
4954,Action
4954,Adventure
4954,Thriller
5121,Crime
5121,Drama
5544,Drama
5544,History
5544,Romance
5638,Comedy
5638,Drama
5638,Music
5680,Comedy
5680,Fantasy
5680,Horror
5680,Science Fiction
5729,Comedy
5729,Drama
5729,Romance
5801,Drama
5820,Action
5820,Crime
5820,Thriller
5876,Horror
5876,Science Fiction
5876,Thriller
5966,Comedy
5966,Romance
6466,Horror
6477,Animation
6477,Comedy
6477,Family
6477,Fantasy
6477,Music
6552,Comedy
6552,Horror
6552,Thriller
6646,Adventure
6646,Family
6964,Comedy
6964,Drama
6964,Romance
6977,Crime
6977,Drama
6977,Thriller
7131,Action
7131,Adventure
7131,Horror
7216,Horror
7219,Horror
7300,Comedy
7300,Romance
7484,Adventure
7484,Animation
7484,Family
7872,Documentary
7872,Drama
7944,Documentary
7944,Music
7979,Drama
8011,Action
8011,Fantasy
8011,Science Fiction
8016,Drama
8016,War
8056,Comedy
8056,Drama
8056,War
8194,Crime
8194,Drama
8197,Crime
8197,Drama
8197,Mystery
8197,Thriller
8373,Action
8373,Adventure
8373,Science Fiction
8388,Comedy
8388,Western
8392,Animation
8392,Family
8392,Fantasy
8410,Drama
8410,Science Fiction
8420,Drama
8420,Romance
8487,Action
8487,Adventure
8487,Comedy
8487,Science Fiction
8487,Western
8491,Comedy
8583,Drama
8583,Romance
8617,Crime
8617,Horror
8838,Action
8838,Crime
8838,Drama
8838,Thriller
8851,Horror
8851,Science Fiction
8882,Crime
8882,Drama
8923,Crime
8923,Drama
8966,Adventure
8966,Drama
8966,Fantasy
8966,Romance
8987,Action
8987,Adventure
8987,Crime
8987,Thriller
8998,Comedy
8998,Drama
8998,Romance
9012,Comedy
9012,Documentary
25769,Action
25769,Drama
25769,Horror
25769,Science Fiction
25769,Thriller
25842,Drama
25842,Family
25842,Fantasy
25941,Action
25941,Crime
25941,Drama
25941,Thriller
26180,Action
26180,Comedy
26180,Romance
26271,Comedy
26371,Drama
26371,Romance
26564,Documentary
26689,Science Fiction
26689,Thriller
26782,Drama
27329,Drama
27329,Foreign
27329,History
27329,War
32444,Comedy
32444,Drama
44864,Comedy
44864,Fantasy
44864,Music
44864,Romance
665,Action
665,Adventure
665,Drama
665,History
1427,Crime
1427,Drama
1427,Fantasy
336,Western
667,Action
667,Adventure
667,Thriller
3309,Crime
3309,Drama
114,Comedy
114,Romance
582,Drama
582,Thriller
615,Drama
1413,Drama
1413,Romance
3077,Horror
3077,Science Fiction
3078,Comedy
3078,Romance
3079,Horror
3079,Science Fiction
3116,Drama
3509,Animation
3509,Science Fiction
3509,Thriller
4024,Drama
4024,Romance
4174,Drama
4174,Mystery
4174,Thriller
4974,Drama
4974,Romance
49013,Adventure
49013,Animation
49013,Comedy
49013,Family
8916,Adventure
8916,Animation
8916,Comedy
8916,Family
27793,Fantasy
73,Drama
77,Mystery
77,Thriller
103,Crime
103,Drama
108,Drama
108,Music
108,Mystery
121,Action
121,Adventure
121,Fantasy
132,Documentary
132,Music
137,Comedy
137,Drama
137,Fantasy
137,Romance
169,Action
169,Science Fiction
169,Thriller
174,Action
174,Adventure
174,Science Fiction
174,Thriller
184,Comedy
184,Crime
184,Romance
189,Crime
189,Thriller
205,Drama
205,History
205,War
220,Drama
222,Documentary
222,History
240,Crime
240,Drama
241,Crime
241,Drama
241,Thriller
244,Action
244,Adventure
244,Drama
244,Horror
250,Action
250,Comedy
250,Crime
267,Drama
267,Romance
267,Thriller
278,Crime
278,Drama
287,Comedy
287,Romance
291,Documentary
326,Action
326,Crime
326,Horror
326,Thriller
330,Action
330,Adventure
330,Science Fiction
332,Action
332,Adventure
332,Comedy
332,Family
335,Western
363,Drama
363,Romance
387,Action
387,Adventure
387,Drama
387,History
387,War
391,Western
392,Comedy
392,Drama
392,Romance
425,Adventure
425,Animation
425,Comedy
425,Family
426,Mystery
426,Romance
426,Thriller
473,Drama
473,Mystery
473,Thriller
488,Adventure
488,Romance
488,War
489,Drama
506,Crime
506,Drama
506,Mystery
506,Thriller
512,Comedy
512,Mystery
526,Adventure
526,Drama
526,Fantasy
526,Romance
547,Drama
547,Romance
561,Drama
561,Fantasy
561,Horror
567,Drama
567,Mystery
567,Thriller
571,Horror
574,Adventure
574,Crime
574,Drama
574,Mystery
574,Thriller
577,Comedy
577,Drama
577,Fantasy
577,Thriller
580,Adventure
580,Thriller
612,Action
612,Drama
612,History
612,Thriller
633,Drama
633,History
633,Thriller
633,War
662,Romance
662,Science Fiction
664,Action
664,Adventure
664,Drama
670,Action
670,Drama
670,Mystery
670,Thriller
680,Crime
680,Thriller
691,Action
691,Adventure
691,Thriller
695,Comedy
695,Drama
753,Drama
754,Action
754,Crime
754,Science Fiction
754,Thriller
775,Adventure
775,Fantasy
775,Science Fiction
782,Mystery
782,Romance
782,Science Fiction
782,Thriller
806,Drama
806,Horror
806,Thriller
810,Adventure
810,Animation
810,Comedy
810,Family
810,Fantasy
840,Drama
840,Science Fiction
842,Drama
842,History
842,Thriller
846,Mystery
846,Science Fiction
846,Thriller
851,Drama
851,Romance
864,Comedy
1024,Drama
1024,Fantasy
1051,Action
1051,Crime
1051,Thriller
1369,Action
1369,Adventure
1369,Thriller
1369,War
1493,Action
1493,Comedy
1493,Crime
1495,Action
1495,Adventure
1495,Drama
1495,History
1495,War
1499,Action
1499,Adventure
1499,Comedy
1499,Family
1499,Fantasy
1499,Science Fiction
1535,Action
1535,Crime
1535,Thriller
1550,Comedy
1550,Drama
1554,Comedy
1554,Crime
1554,Drama
1572,Action
1572,Thriller
1581,Comedy
1581,Romance
1583,Comedy
1598,Crime
1598,Thriller
1629,Comedy
1629,Drama
1640,Drama
1661,Comedy
1661,Drama
1667,Documentary
1667,Family
1696,Crime
1696,Drama
1696,Horror
1715,Drama
1726,Action
1726,Adventure
1726,Science Fiction
1771,Action
1771,Adventure
1771,Science Fiction
1772,Drama
1783,Action
1783,Comedy
1783,Drama
1783,History
1791,Drama
1791,Romance
1812,Comedy
1812,Romance
1816,Drama
1816,Music
1891,Action
1891,Adventure
1891,Science Fiction
1904,Drama
1904,History
1904,Romance
1969,Action
1969,Comedy
1969,Crime
1969,Western
1970,Horror
1970,Mystery
1970,Thriller
1976,Drama
1976,Romance
1977,Horror
1977,Mystery
1977,Thriller
1978,Thriller
1979,Action
1979,Adventure
1979,Fantasy
1979,Thriller
1987,Crime
1987,Drama
1987,Horror
1990,Crime
1990,Drama
1990,Mystery
1995,Action
1995,Adventure
1995,Fantasy
1995,Thriller
1996,Action
1996,Adventure
1996,Fantasy
1996,Thriller
1999,Drama
1999,Thriller
2024,Action
2024,Drama
2024,History
2024,War
2026,Crime
2026,Drama
2026,Mystery
2026,Thriller
2044,Drama
2044,Mystery
2044,Romance
2055,Western
2148,Crime
2148,Drama
2148,Music
2148,Romance
2149,Drama
2149,Romance
2149,Thriller
2152,Documentary
2255,Comedy
2255,Drama
2255,Romance
2259,Drama
2259,Romance
2260,Documentary
2263,Crime
2263,Drama
2263,Romance
2263,Thriller
2266,Drama
2266,Romance
2290,Comedy
2290,Drama
2290,History
2320,Action
2320,Adventure
2320,Drama
2320,Thriller
2362,Action
2362,Adventure
2362,Drama
2362,Horror
2362,Science Fiction
2362,Thriller
2362,Western
2440,Drama
2440,Thriller
2440,War
2457,Drama
2457,Romance
2517,Drama
2577,Drama
2577,Romance
2577,Science Fiction
2577,Thriller
2639,Comedy
2639,Drama
2654,Horror
2654,Mystery
2654,Thriller
2655,Drama
2655,Horror
2655,Mystery
2655,Thriller
2754,Comedy
2754,Foreign
2755,Comedy
2755,Drama
2757,Comedy
2757,Crime
2757,Drama
2786,Drama
2786,Thriller
2800,Comedy
2898,Comedy
2898,Romance
2900,Drama
2900,Science Fiction
2900,Thriller
2928,Comedy
2928,Drama
2928,Fantasy
3021,Horror
3021,Thriller
3036,Drama
3036,Horror
3036,Romance
3036,Science Fiction
3040,Action
3040,Fantasy
3040,Thriller
3086,Comedy
3086,Romance
3103,Fantasy
3103,Horror
3103,Science Fiction
3103,Thriller
3112,Crime
3112,Thriller
3525,Comedy
3525,Drama
3525,Romance
3529,Comedy
3529,Crime
3529,Mystery
3573,Comedy
3573,Drama
3573,Romance
3577,Drama
3577,Thriller
3587,Comedy
3587,Family
3587,Fantasy
3716,Adventure
3716,Comedy
3716,Romance
3777,Drama
3777,History
3865,Drama
546,Drama
80,Drama
80,Romance
148,Drama
148,Romance
918,Comedy
918,Romance
935,Comedy
935,Drama
935,War
948,Horror
948,Thriller
963,Crime
963,Mystery
963,Thriller
964,Drama
964,Horror
991,Drama
991,Science Fiction
1124,Drama
1124,Mystery
1124,Thriller
1480,Crime
1480,Drama
1480,Thriller
1555,Comedy
1555,Drama
1555,Romance
1621,Comedy
1626,Drama
1949,Crime
1949,Drama
1949,Mystery
1949,Thriller
1956,Adventure
1956,Drama
1956,Mystery
2069,Comedy
2069,Crime
2118,Crime
2118,Drama
2118,Mystery
2118,Thriller
2176,Drama
2176,Thriller
2749,Action
2749,Crime
2749,Thriller
3093,Crime
3093,Mystery
3093,Thriller
3111,Drama
3111,Music
3111,Romance
3604,Science Fiction
3682,Drama
3682,Music
4296,Drama
4296,Mystery
4296,Science Fiction
4296,Thriller
4710,Drama
4710,Romance
4836,Crime
4836,Drama
4836,Thriller
4912,Comedy
4912,Crime
4912,Drama
4912,Romance
4912,Thriller
5168,Documentary
5187,Comedy
5187,Drama
5187,Romance
5227,Action
5227,Adventure
5227,Comedy
5227,Fantasy
5227,Science Fiction
1900,Crime
1900,Drama
1900,Thriller
2357,Comedy
2357,Drama
3062,Comedy
3062,Music
3062,Romance
152,Adventure
152,Mystery
152,Science Fiction
674,Adventure
674,Family
674,Fantasy
861,Action
861,Adventure
861,Science Fiction
1587,Drama
1587,Romance
2116,Crime
2116,Drama
2116,Thriller
2119,Adventure
2275,Crime
2275,Drama
2275,Mystery
2275,Thriller
2297,Comedy
2297,Drama
2297,Mystery
2609,Comedy
2787,Action
2787,Science Fiction
2787,Thriller
4614,Action
4614,Drama
4614,Thriller
4911,Action
4911,Crime
4911,Drama
4911,Thriller
6961,Comedy
6961,Romance
26317,Documentary
26317,Drama
43832,Action
43832,Adventure
43832,Drama
43832,Romance
1642,Action
1642,Crime
1642,Drama
1642,Mystery
1642,Thriller
2892,Drama
31374,Action
31374,Adventure
31374,Drama
1951,Drama
2084,Comedy
2084,Crime
2084,Thriller
2114,Action
2114,Adventure
2114,Animation
2114,Fantasy
2114,Science Fiction
2114,Thriller
2924,Action
2924,Crime
2924,Drama
2924,Mystery
2924,Thriller
6951,Action
6951,Comedy
6951,Crime
6951,Family
6951,Thriller
467,Crime
467,Drama
467,Horror
467,Thriller
921,Drama
921,History
921,Romance
1162,Drama
1934,History
1934,Romance
1948,Action
1948,Crime
1948,Thriller
3022,Drama
3022,Horror
3022,Science Fiction
3035,Drama
3035,Horror
3035,Science Fiction
3133,Crime
3133,Drama
3469,Drama
3469,Romance
154,Action
154,Adventure
154,Science Fiction
154,Thriller
199,Action
199,Adventure
199,Science Fiction
199,Thriller
659,Drama
659,History
659,War
668,Action
668,Adventure
668,Thriller
929,Action
929,Science Fiction
929,Thriller
1272,Science Fiction
1272,Thriller
1946,Action
1946,Horror
1946,Science Fiction
1946,Thriller
2295,Comedy
2612,Comedy
2612,Fantasy
2612,Romance
2612,Science Fiction
3134,Crime
3134,Drama
3134,Romance
3134,Thriller
4523,Comedy
4523,Family
4523,Fantasy
4523,Romance
4806,Comedy
4806,Romance
5693,Drama
5693,Family
6073,Action
6073,Comedy
6073,Crime
6073,Romance
6538,Comedy
6538,Drama
6538,History
6643,Drama
6643,Romance
6643,Western
6978,Action
6978,Adventure
6978,Comedy
6978,Fantasy
7299,Action
7299,Science Fiction
7299,Thriller
7840,Action
7840,Adventure
7840,Drama
7840,Fantasy
8337,Action
8337,Horror
8337,Science Fiction
8337,Thriller
8341,Adventure
8341,Drama
8341,Romance
8618,Comedy
8618,Drama
8938,Drama
8938,Romance
26712,Action
26712,Crime
26712,Drama
27768,Drama
27768,Thriller
464,Comedy
464,Drama
464,Music
464,Romance
544,Comedy
544,Romance
548,Crime
548,Drama
548,Mystery
1941,Action
1941,Drama
1941,History
1941,War
4247,Comedy
227,Crime
227,Drama
13,Comedy
13,Drama
13,Romance
558,Action
558,Adventure
558,Fantasy
581,Adventure
581,Drama
581,Western
1648,Adventure
1648,Comedy
1648,Science Fiction
1966,Action
1966,Adventure
1966,Drama
1966,History
1966,Romance
1966,War
2284,Comedy
1892,Action
1892,Adventure
1892,Science Fiction
2067,Science Fiction
4967,Comedy
6003,Drama
6003,Romance
8927,Comedy
8927,Drama
27022,Action
27022,Adventure
27022,Comedy
27022,Drama
27022,Fantasy
451,Drama
451,Romance
907,Drama
907,Romance
907,War
946,Drama
1924,Action
1924,Adventure
1924,Fantasy
1924,Science Fiction
1964,Drama
2009,Drama
2117,Drama
2117,History
2287,Documentary
2322,Comedy
2322,Crime
2322,Drama
2613,Comedy
2613,Drama
2613,Romance
2662,Horror
2668,Drama
2668,Fantasy
2668,Mystery
2668,Thriller
3064,Comedy
3064,Fantasy
3064,Romance
3064,Science Fiction
3177,Action
3177,Thriller
5255,Adventure
5255,Animation
5255,Family
5255,Fantasy
5503,Action
5503,Adventure
5503,Crime
5503,Mystery
5503,Thriller
5516,Comedy
5516,Crime
5516,Thriller
892,Comedy
892,Fantasy
892,Science Fiction
7453,Adventure
7453,Comedy
7453,Family
7453,Science Fiction
8643,Crime
8643,Drama
8643,Horror
8643,Thriller
6283,Comedy
6283,Family
156,Comedy
156,Drama
156,Romance
177,Comedy
177,Drama
268,Action
268,Fantasy
273,Drama
535,Drama
535,Music
535,Romance
764,Horror
87,Action
87,Adventure
118,Adventure
118,Comedy
118,Family
118,Fantasy
146,Action
146,Adventure
146,Drama
146,Romance
234,Crime
234,Drama
234,Horror
234,Thriller
238,Crime
238,Drama
255,Comedy
255,Drama
255,Romance
405,Drama
421,Adventure
421,Comedy
421,Drama
429,Western
808,Adventure
808,Animation
808,Comedy
808,Family
808,Fantasy
829,Crime
829,Drama
829,Mystery
829,Thriller
934,Action
934,Crime
934,Drama
938,Western
943,Action
943,Adventure
943,Comedy
943,Crime
943,Thriller
1498,Action
1498,Adventure
1498,Comedy
1498,Family
1498,Science Fiction
1542,Comedy
1542,Crime
1592,Crime
1592,Drama
1592,Mystery
1592,Thriller
1654,Action
1654,Adventure
1654,War
1727,Action
1727,Adventure
1727,Comedy
1727,Romance
1975,Horror
1975,Thriller
2022,Comedy
2022,Romance
2043,Action
2043,Crime
2043,Mystery
2043,Thriller
2057,Thriller
2135,Action
2135,Adventure
2135,Science Fiction
2163,Action
2163,Drama
2163,Thriller
2312,Action
2312,Adventure
2312,Drama
2312,Fantasy
2454,Adventure
2454,Family
2454,Fantasy
2565,Comedy
2565,Fantasy
2565,Romance
2565,Science Fiction
2661,Adventure
2661,Comedy
2661,Crime
2661,Family
2661,Science Fiction
2789,Action
2789,Science Fiction
3074,Fantasy
3074,Horror
3074,Science Fiction
3088,Drama
3088,Western
3110,Drama
3110,Western
3543,Comedy
3543,Drama
3549,Drama
3594,Drama
3594,Mystery
3594,Thriller
3600,Horror
3600,Mystery
3600,Thriller
911,Comedy
3089,Western
5971,Comedy
5971,Crime
5971,Drama
69,Drama
69,Music
69,Romance
93,Crime
93,Drama
93,Mystery
93,Thriller
423,Drama
423,War
996,Drama
996,Mystery
996,Thriller
1713,Drama
1713,Romance
59,Crime
59,Drama
59,Thriller
123,Adventure
123,Animation
123,Drama
123,Fantasy
164,Comedy
164,Drama
164,Romance
176,Crime
176,Horror
176,Mystery
302,Crime
302,Thriller
322,Crime
322,Drama
322,Mystery
322,Thriller
490,Drama
490,Fantasy
532,Animation
532,Comedy
532,Family
632,Comedy
632,Drama
632,War
696,Comedy
696,Drama
696,Romance
787,Action
787,Comedy
787,Drama
787,Thriller
831,Adventure
831,Horror
831,Mystery
831,Science Fiction
831,Thriller
841,Action
841,Adventure
841,Science Fiction
850,Comedy
850,Family
865,Action
865,Science Fiction
931,Drama
931,Horror
931,Thriller
1248,Crime
1248,Drama
1248,Thriller
1255,Drama
1255,Horror
1255,Science Fiction
1406,Action
1406,Adventure
1406,Comedy
1406,Drama
1406,Western
1627,Drama
1701,Action
1701,Crime
1701,Thriller
1730,Drama
1730,Horror
1730,Mystery
1730,Thriller
1734,Action
1734,Adventure
1734,Fantasy
1788,Drama
1788,Family
1788,Music
1788,Romance
1809,Comedy
1809,Drama
1809,Romance
1844,Drama
1844,Mystery
1844,Romance
1859,Comedy
1859,Romance
1865,Action
1865,Adventure
1865,Fantasy
1901,Comedy
1901,Drama
1901,Romance
2575,Drama
2575,Thriller
2731,Drama
2731,Romance
2832,Mystery
2832,Thriller
3055,Drama
3055,Music
3055,Romance
117,Crime
117,Drama
117,History
117,Thriller
320,Crime
320,Mystery
320,Thriller
334,Drama
436,Crime
436,Drama
436,Thriller
483,Comedy
483,Crime
483,Thriller
565,Horror
565,Mystery
614,Drama
617,Thriller
936,Comedy
936,Crime
1164,Drama
1365,Drama
1365,Romance
1450,Action
1450,Adventure
1450,Horror
1450,Science Fiction
1450,Thriller
1537,Action
1537,Adventure
1537,Crime
1537,Thriller
1563,Documentary
1571,Action
1571,Thriller
1819,Comedy
1819,Romance
1902,Drama
1902,Thriller
2267,Adventure
2267,Family
2767,Drama
2767,Romance
3076,Fantasy
3076,Horror
3076,Science Fiction
3090,Action
3090,Adventure
3090,Drama
3090,Western
3547,Drama
3547,Romance
3547,Thriller
4482,Comedy
4482,Romance
4518,Drama
4518,History
4538,Adventure
4538,Comedy
4538,Drama
4965,Action
4965,Science Fiction
4965,Thriller
4984,Action
4984,Crime
4984,Drama
5179,Drama
5236,Action
5236,Comedy
5236,Crime
5236,Mystery
6620,Comedy
6620,Drama
6620,Romance
28,Drama
28,War
309,Drama
513,Drama
513,Romance
905,Drama
905,Romance
905,Thriller
910,Crime
910,Drama
910,Mystery
910,Thriller
947,Adventure
947,Drama
947,History
947,War
951,Comedy
965,Drama
965,Romance
994,Crime
994,Drama
994,Mystery
994,Thriller
1411,Drama
1411,Mystery
3683,Drama
3683,History
3683,War
635,Horror
635,Mystery
635,Thriller
1392,Documentary
1991,Action
1991,Thriller
2155,Thriller
3063,Comedy
2160,Adventure
2160,Drama
2160,Science Fiction
4970,Horror
4970,Thriller
173,Adventure
173,Drama
173,Science Fiction
315,Action
315,Crime
901,Comedy
901,Drama
901,Romance
6593,Action
6593,Drama
6593,Fantasy
6593,Foreign
6593,Science Fiction
7451,Action
7451,Adventure
7451,Thriller
1088,Drama
1088,Family
2752,Comedy
2752,Romance
2926,Action
2926,Adventure
2926,Comedy
2926,Drama
4478,Drama
5780,Mystery
5780,Thriller
7340,Horror
7340,Thriller
20,Drama
20,Romance
38,Drama
38,Romance
38,Science Fiction
66,Crime
66,Drama
66,Thriller
101,Crime
101,Drama
101,Thriller
145,Drama
145,Romance
303,Drama
303,Romance
303,Thriller
437,Mystery
437,Science Fiction
437,Thriller
445,Drama
445,Mystery
445,Thriller
492,Comedy
492,Drama
492,Fantasy
507,Action
507,Crime
507,Drama
507,Thriller
533,Adventure
533,Animation
533,Comedy
533,Family
599,Drama
619,Action
619,Drama
619,Music
619,Romance
619,Thriller
700,Action
700,Adventure
700,Thriller
870,Drama
870,Romance
941,Action
941,Adventure
941,Comedy
941,Crime
941,Thriller
1091,Horror
1091,Mystery
1091,Science Fiction
1125,Drama
1591,Drama
1646,Crime
1646,Drama
1665,Drama
1955,Drama
1955,History
2046,Drama
2046,Horror
2046,Mystery
2046,Thriller
2088,Action
2088,Crime
2088,Drama
2088,Thriller
2300,Animation
2300,Comedy
2300,Drama
2300,Family
2300,Fantasy
2383,Adventure
2383,Drama
2383,Family
2616,Comedy
2616,Drama
2616,Family
2769,Comedy
2769,Drama
2769,Music
2769,Romance
2779,Comedy
2779,Crime
2779,Mystery
2779,Romance
2779,Thriller
2788,Drama
2990,Crime
2990,Thriller
3537,Drama
3933,Animation
3933,Fantasy
3933,Music
3933,Romance
4104,Comedy
4104,Drama
4104,Romance
4133,Crime
4133,Drama
4203,Comedy
4203,Drama
4232,Crime
4232,Horror
4232,Mystery
4233,Horror
4233,Mystery
4234,Horror
4234,Mystery
4267,Comedy
4267,Drama
4267,Romance
4291,Comedy
4291,Drama
4291,Family
4477,Crime
4477,Drama
4477,Thriller
4564,Comedy
4564,Drama
4564,Romance
4587,Comedy
4587,Drama
4587,Romance
4952,Comedy
4952,Romance
4978,Adventure
4978,Animation
4978,Drama
4978,Family
5055,Drama
5055,War
5548,Action
5548,Science Fiction
5548,Thriller
5900,Comedy
5900,Drama
5915,Adventure
5915,Drama
7007,Action
7007,Drama
7007,Thriller
7091,Comedy
7091,Horror
8447,Drama
8447,Romance
8879,Romance
8879,Western
8880,Drama
8880,History
8880,War
8984,Crime
8984,Drama
8984,Mystery
8984,Romance
8984,Thriller
26386,Comedy
26386,Family
31000,Action
31000,Comedy
77866,Action
77866,Crime
77866,Drama
77866,Thriller
89492,Comedy
1873,Drama
1873,Thriller
217,Action
217,Adventure
891,Drama
891,History
891,Mystery
891,Thriller
928,Comedy
928,Fantasy
928,Horror
1623,Crime
1623,Drama
1833,Drama
1833,Romance
1984,Drama
1984,Science Fiction
1985,Drama
1985,Mystery
1985,Thriller
2107,Comedy
2107,Drama
2107,Fantasy
2107,Romance
2546,Comedy
2546,Fantasy
2841,Drama
2907,Comedy
2907,Fantasy
2907,Horror
147,Drama
914,Comedy
1262,Comedy
1262,Drama
1262,Fantasy
1262,Romance
2020,Comedy
3681,Comedy
3681,Romance
4327,Action
4327,Adventure
4327,Comedy
4327,Crime
4327,Thriller
340,Comedy
340,Drama
383,Drama
916,Action
916,Crime
916,Drama
916,Thriller
953,Animation
953,Family
1422,Crime
1422,Drama
1422,Thriller
1672,Action
1672,Adventure
1672,Thriller
1722,Drama
1722,History
1722,Romance
2021,Comedy
2021,Drama
2021,Romance
903,Crime
903,Drama
65,Drama
68,Comedy
68,Science Fiction
88,Drama
88,Music
88,Romance
639,Comedy
639,Drama
639,Romance
663,Crime
663,Horror
663,Thriller
766,Comedy
766,Fantasy
766,Horror
849,Action
849,Adventure
849,Fantasy
898,Drama
1882,Drama
246,Action
246,Adventure
246,Drama
254,Action
254,Adventure
254,Drama
280,Action
280,Science Fiction
280,Thriller
427,Comedy
12,Animation
12,Family
99,Comedy
99,Drama
609,Horror
631,Drama
631,Romance
711,Drama
762,Adventure
762,Comedy
762,Fantasy
1363,Action
1363,Drama
1363,Romance
1363,Western
116,Crime
116,Drama
116,Romance
116,Thriller
135,Documentary
135,Music
203,Crime
203,Drama
289,Drama
289,Romance
475,Crime
475,Drama
562,Action
562,Thriller
638,Drama
638,Mystery
638,Thriller
705,Drama
786,Drama
786,Music
1366,Drama
1381,Adventure
1381,Drama
1381,Romance
1381,Science Fiction
549,Drama
549,History
942,Action
942,Adventure
942,Comedy
942,Crime
942,Thriller
950,Adventure
950,Animation
950,Comedy
950,Family
954,Action
954,Adventure
954,Thriller
1251,Action
1251,Adventure
1251,Drama
1251,War
1594,Comedy
1594,Crime
1600,Drama
1600,Thriller
1643,Drama
1643,Romance
1649,Adventure
1649,Comedy
1649,Family
1649,Fantasy
1649,Science Fiction
1792,Comedy
348,Action
348,Horror
348,Science Fiction
348,Thriller
1836,Drama
1836,Horror
2428,Drama
2428,History
277,Action
277,Fantasy
277,Thriller
1619,Action
1619,Crime
1619,Drama
1619,Thriller
258,Comedy
258,Drama
258,Romance
379,Crime
379,Drama
379,Thriller
813,Comedy
837,Horror
837,Mystery
837,Science Fiction
881,Drama
888,Comedy
888,Family
888,Fantasy
955,Action
955,Adventure
955,Thriller
1018,Drama
1018,Mystery
1018,Thriller
1389,Comedy
1389,Crime
1389,Romance
1414,Drama
1414,Mystery
1414,Romance
1689,Drama
1689,History
1831,Comedy
1858,Action
1858,Adventure
1858,Science Fiction
2014,Drama
2034,Action
2034,Crime
2034,Drama
2034,Thriller
2038,Action
2038,Thriller
2110,Action
2110,Comedy
2110,Drama
2252,Crime
2252,Mystery
2252,Thriller
149,Animation
149,Science Fiction
245,Comedy
245,Drama
245,Romance
259,Comedy
259,Drama
259,Romance
290,Comedy
290,Drama
482,Action
482,Adventure
482,Crime
482,Thriller
621,Romance
640,Crime
640,Drama
866,Drama
896,Drama
922,Drama
922,Fantasy
922,Western
949,Action
949,Crime
949,Drama
949,Thriller
1249,Crime
1249,Drama
1249,Thriller
1273,Adventure
1273,Animation
1273,Comedy
1273,Family
1280,Crime
1280,Drama
1280,Romance
1523,Drama
1620,Action
1620,Crime
1620,Drama
1620,Thriller
1635,Action
1635,Adventure
1635,Science Fiction
1635,Thriller
1824,Comedy
1824,Romance
1834,Crime
1834,Drama
1834,Mystery
1834,Thriller
1945,Drama
1945,Thriller
2019,Action
2019,Adventure
2019,Crime
2019,Thriller
2280,Comedy
2280,Drama
2280,Family
2280,Fantasy
2280,Romance
2289,Drama
2310,Action
2310,Adventure
2310,Animation
2925,Comedy
97,Action
97,Adventure
97,Science Fiction
175,Adventure
175,Drama
175,Romance
923,Horror
1281,Comedy
1394,Drama
1394,Romance
1921,Drama
1921,Romance
2023,Adventure
2023,Western
2360,Comedy
2360,Crime
3083,Comedy
3083,Drama
3640,Comedy
3640,Drama
3640,Romance
5051,Drama
5051,History
6440,Drama
6440,Romance
7459,Action
7459,Family
7459,Science Fiction
8012,Comedy
8012,Crime
8012,Thriller
8273,Comedy
8273,Romance
8645,Science Fiction
8645,Thriller
8873,Comedy
8873,Music
8973,Horror
8973,Mystery
8973,Thriller
55721,Comedy
55721,Romance
327,Crime
327,Drama
327,Thriller
76,Drama
76,Romance
79,Action
79,Adventure
79,Drama
79,History
86,Drama
86,Romance
694,Horror
694,Thriller
704,Comedy
704,Music
707,Action
707,Adventure
707,Thriller
1250,Action
1250,Fantasy
1250,Horror
1250,Thriller
71,Comedy
71,Drama
71,Music
179,Crime
179,Thriller
299,Comedy
299,Crime
299,Music
299,Thriller
338,Comedy
338,Drama
338,Romance
378,Comedy
378,Crime
388,Crime
388,Drama
388,Thriller
550,Drama
627,Crime
627,Drama
628,Horror
628,Romance
984,Action
984,Crime
984,Thriller
988,Drama
988,Thriller
1497,Action
1497,Adventure
1497,Comedy
1497,Family
1497,Science Fiction
1885,Drama
1903,Drama
1903,Mystery
1903,Romance
1903,Science Fiction
1903,Thriller
2469,Comedy
2469,Crime
2469,Drama
2469,Romance
2721,Drama
2721,History
2721,Thriller
2887,Drama
3512,Action
3512,Thriller
4141,Action
4141,Comedy
4141,Crime
4141,Thriller
4722,Horror
4722,Science Fiction
4722,Thriller
4929,Western
6341,Action
6341,Crime
6341,Drama
6341,Science Fiction
6341,Thriller
8699,Comedy
8981,Drama
8981,Family
103731,Drama
261,Drama
261,Romance
575,Drama
575,Thriller
688,Drama
688,Romance
801,Comedy
801,Drama
801,War
838,Comedy
838,Drama
2103,Drama
2103,Mystery
2103,Romance
2103,Science Fiction
15,Drama
15,Mystery
107,Crime
107,Thriller
112,Comedy
112,Drama
112,Romance
141,Drama
141,Fantasy
141,Mystery
172,Action
172,Adventure
172,Science Fiction
172,Thriller
193,Action
193,Adventure
193,Science Fiction
193,Thriller
262,Comedy
262,Drama
319,Action
319,Crime
319,Romance
319,Thriller
415,Action
415,Crime
415,Fantasy
466,Mystery
502,Drama
502,History
502,Thriller
531,Animation
531,Comedy
531,Family
552,Comedy
552,Drama
552,Romance
647,Action
647,Adventure
647,Animation
647,Fantasy
653,Fantasy
653,Horror
671,Adventure
671,Family
671,Fantasy
783,Drama
783,History
818,Comedy
818,Crime
818,Science Fiction
879,Adventure
879,Comedy
879,Family
879,Fantasy
1092,Mystery
1092,Thriller
1246,Drama
1257,Comedy
1278,Drama
1278,Romance
1359,Crime
1359,Drama
1359,Thriller
1371,Drama
1372,Action
1372,Drama
1372,Thriller
1374,Drama
1375,Drama
1376,Crime
1376,Drama
1378,Comedy
1378,Drama
1378,Romance
1391,Drama
1391,Romance
1396,Drama
1396,History
1429,Crime
1429,Drama
1544,Comedy
1544,Drama
1544,Romance
1552,Comedy
1552,Drama
1552,Family
1562,Horror
1562,Science Fiction
1562,Thriller
1586,Mystery
1586,Thriller
1588,Comedy
1653,Drama
1688,Action
1688,Science Fiction
1779,Documentary
1779,History
1894,Action
1894,Adventure
1894,Science Fiction
1907,Adventure
1907,Drama
1907,Romance
1907,Thriller
1968,Comedy
1968,Drama
1968,Romance
2001,Crime
2001,Drama
2001,Thriller
2100,Action
2100,Drama
2100,Thriller
2105,Comedy
2105,Romance
2108,Comedy
2108,Drama
2109,Action
2109,Comedy
2109,Crime
2109,Thriller
2124,Drama
2124,Mystery
2124,Romance
2124,Thriller
2133,Drama
2134,Adventure
2134,Fantasy
2134,Romance
2134,Science Fiction
2134,Thriller
2140,Action
2140,Crime
2140,Thriller
2144,Action
2144,Comedy
2144,Crime
2253,Drama
2253,History
2253,Thriller
2253,War
2470,Comedy
2470,Drama
2470,Romance
2642,Comedy
2642,Romance
2657,Comedy
2657,Drama
2657,Fantasy
3087,Drama
3087,Music
3107,Action
3107,Horror
3107,Science Fiction
3107,Thriller
3489,Crime
3489,Mystery
3489,Thriller
3526,Drama
3635,Drama
3635,Romance
3638,Comedy
3763,Horror
5528,Drama
6936,Drama
6947,Drama
6947,Mystery
6947,Thriller
7090,Drama
1645,Crime
1645,Drama
1645,Thriller
2006,Comedy
2006,Fantasy
2006,Romance
3175,Drama
3175,Romance
3175,War
6957,Comedy
6957,Romance
59387,Action
59387,Animation
59387,Family
900,Comedy
900,Romance
909,Comedy
909,Music
909,Romance
926,Comedy
926,Family
926,Science Fiction
940,Mystery
940,Thriller
1927,Action
1927,Drama
1927,Science Fiction
1957,Drama
1957,Thriller
2262,Crime
2262,Drama
2294,Comedy
2539,Comedy
2690,Comedy
2690,Romance
3176,Adventure
3176,Drama
3176,Thriller
3179,Animation
3179,Comedy
1271,Action
1271,Adventure
1271,War
1398,Drama
1398,Science Fiction
1398,Thriller
1633,Comedy
1633,Drama
1678,Horror
1678,Science Fiction
1678,Thriller
1694,Comedy
1694,Horror
1694,Science Fiction
14,Drama
18,Action
18,Adventure
18,Fantasy
18,Science Fiction
18,Thriller
24,Action
24,Crime
35,Animation
35,Comedy
35,Family
55,Drama
55,Thriller
78,Drama
78,Science Fiction
78,Thriller
81,Adventure
81,Animation
81,Fantasy
85,Action
85,Adventure
89,Action
89,Adventure
113,Drama
155,Action
155,Crime
155,Drama
155,Thriller
167,Drama
167,Science Fiction
194,Comedy
194,Romance
215,Horror
229,Horror
229,Science Fiction
233,Drama
235,Crime
235,Drama
249,Comedy
249,Drama
249,Thriller
257,Crime
257,Drama
257,Family
281,Crime
281,Drama
281,Science Fiction
281,Thriller
294,Drama
294,Romance
314,Action
314,Crime
331,Action
331,Adventure
331,Science Fiction
331,Thriller
422,Drama
422,Fantasy
469,Comedy
469,Drama
497,Crime
497,Drama
497,Fantasy
521,Crime
521,Mystery
521,Thriller
534,Action
534,Science Fiction
534,Thriller
563,Action
563,Adventure
563,Science Fiction
563,Thriller
606,Drama
613,Drama
613,History
613,War
630,Adventure
630,Family
630,Fantasy
687,Drama
765,Comedy
765,Fantasy
765,Horror
805,Drama
805,Horror
805,Mystery
832,Action
832,Crime
832,Drama
832,Thriller
848,Fantasy
880,Comedy
880,Drama
637,Comedy
637,Drama
678,Drama
678,Mystery
678,Thriller
1049,Drama
1049,Mystery
1049,Romance
1049,Thriller
1103,Action
1103,Science Fiction
1965,Crime
1965,Drama
1965,Thriller
2013,Drama
4483,Crime
4483,Drama
4483,History
4483,Mystery
4483,Romance
204,Adventure
204,Drama
204,Thriller
219,Comedy
219,Drama
219,Romance
316,Comedy
316,Drama
22,Action
22,Adventure
22,Fantasy
70,Drama
111,Action
111,Crime
111,Drama
111,Thriller
163,Crime
163,Thriller
170,Horror
170,Science Fiction
170,Thriller
198,Comedy
198,War
288,Western
293,Drama
431,Mystery
431,Science Fiction
431,Thriller
541,Crime
541,Drama
541,Romance
648,Drama
648,Fantasy
648,Romance
778,Comedy
778,Family
780,Drama
780,History
858,Comedy
858,Drama
858,Romance
924,Action
924,Fantasy
924,Horror
1267,Animation
1267,Comedy
1267,Family
1377,Comedy
1377,Drama
1377,Family
1377,Romance
1405,Drama
1405,History
1407,Drama
1407,Music
1407,Romance
1573,Action
1573,Thriller
1687,Action
1687,Science Fiction
1690,Horror
1909,Comedy
1909,Drama
1909,Romance
1997,Adventure
1997,Drama
1997,Family
2058,Comedy
2058,Romance
2115,Drama
2115,Music
2161,Adventure
2161,Science Fiction
2288,Drama
2288,Romance
2605,Comedy
2605,Family
2605,Science Fiction
3082,Comedy
3082,Drama
4105,Action
4105,Crime
4105,Thriller
4816,Crime
4816,Drama
4958,Drama
4958,Fantasy
4975,Drama
4975,TV Movie
5618,Comedy
5618,Romance
6016,Crime
6016,Drama
6016,Thriller
6537,Drama
6537,Horror
6537,Thriller
7347,Action
7347,Crime
7347,Drama
7445,Drama
7445,Thriller
7445,War
8665,Drama
8665,History
8665,Thriller
8810,Action
8810,Adventure
8810,Science Fiction
8810,Thriller
8836,Drama
8836,Mystery
8836,Science Fiction
8836,Thriller
8874,Comedy
8874,Romance
8914,Action
8914,Science Fiction
8914,Thriller
8961,Action
8961,Adventure
8961,Comedy
8961,Crime
8961,Thriller
8970,Comedy
30707,Drama
31685,Drama
31685,Horror
31685,Romance
48385,Crime
48385,Horror
48385,Science Fiction
49530,Action
49530,Science Fiction
49530,Thriller
51540,Comedy
51540,Crime
2,Crime
2,Drama
5,Comedy
5,Crime
62,Adventure
62,Mystery
62,Science Fiction
64,Drama
64,Romance
74,Adventure
74,Science Fiction
74,Thriller
104,Action
104,Drama
104,Thriller
122,Action
122,Adventure
122,Fantasy
129,Adventure
129,Animation
129,Family
129,Fantasy
140,Crime
140,Drama
140,Romance
140,Thriller
158,Comedy
158,Crime
168,Adventure
168,Science Fiction
180,Action
180,Mystery
180,Science Fiction
180,Thriller
186,Crime
186,Drama
186,Mystery
186,Thriller
195,Comedy
195,Romance
207,Drama
216,Drama
216,Romance
218,Action
218,Science Fiction
218,Thriller
239,Comedy
239,Romance
248,Comedy
248,Drama
253,Action
253,Adventure
253,Thriller
276,Comedy
276,Drama
337,Drama
364,Action
364,Fantasy
435,Action
435,Adventure
435,Science Fiction
435,Thriller
441,Comedy
441,Drama
455,Comedy
455,Drama
455,Romance
500,Crime
500,Thriller
524,Crime
524,Drama
542,Drama
542,Romance
543,Crime
543,Drama
543,Thriller
596,Drama
605,Action
605,Adventure
605,Science Fiction
605,Thriller
673,Adventure
673,Family
673,Fantasy
708,Action
708,Adventure
708,Thriller
709,Action
709,Adventure
709,Thriller
784,Comedy
784,Drama
784,Music
788,Comedy
788,Drama
788,Family
802,Drama
802,Romance
804,Comedy
804,Romance
830,Action
830,Adventure
830,Science Fiction
839,Action
839,TV Movie
839,Thriller
902,Adventure
902,Fantasy
902,Science Fiction
912,Crime
912,Drama
912,Romance
912,Thriller
920,Adventure
920,Animation
920,Comedy
920,Family
1023,Comedy
1023,Crime
1023,Drama
1059,Action
1059,Adventure
1059,Comedy
1059,Drama
1073,Drama
1073,Mystery
1073,Thriller
1268,Comedy
1268,Family
1282,Documentary
1367,Drama
1370,Action
1370,Adventure
1370,Thriller
1370,War
1379,Crime
1379,Drama
1408,Action
1408,Adventure
1485,Crime
1485,Thriller
1487,Action
1487,Fantasy
1487,Science Fiction
1541,Adventure
1541,Crime
1541,Drama
1541,Thriller
1580,Crime
1580,Drama
1580,Mystery
1580,Thriller
1593,Action
1593,Adventure
1593,Comedy
1593,Family
1593,Fantasy
1597,Comedy
1597,Romance
1639,Action
1639,Adventure
1639,Thriller
1680,Action
1680,Adventure
1680,Science Fiction
1682,Action
1682,Adventure
1682,Fantasy
1682,Science Fiction
1729,Action
1729,Adventure
1729,Fantasy
1835,Crime
1835,Mystery
1835,Thriller
1883,Drama
1883,History
1888,Comedy
1888,Romance
1895,Action
1895,Adventure
1895,Science Fiction
1911,Action
1911,Adventure
1911,Fantasy
1947,Drama
1954,Science Fiction
1954,Thriller
1958,Comedy
1958,Crime
1958,Music
1958,Mystery
1958,Thriller
1961,Comedy
1961,Horror
2000,Adventure
2000,Drama
2000,History
2005,Comedy
2005,Music
2018,Comedy
2048,Action
2048,Science Fiction
2054,Drama
2054,Family
2054,Music
2059,Action
2059,Adventure
2059,Mystery
2059,Thriller
2071,Mystery
2071,Thriller
2080,Action
2080,Adventure
2080,Science Fiction
2080,Thriller
2082,Horror
2085,Action
2085,Crime
2085,Thriller
2087,Action
2087,Drama
2087,Thriller
2122,Comedy
2122,Crime
2122,Thriller
2123,Comedy
2142,Action
2142,Crime
2142,Drama
2193,Comedy
2193,Drama
2193,Romance
2268,Adventure
2268,Fantasy
2302,Drama
2321,Comedy
2321,Crime
2321,Romance
2567,Drama
2617,Comedy
2640,Comedy
2640,Drama
2640,Thriller
2671,Horror
2671,Thriller
2750,Comedy
2750,Drama
2771,Comedy
2771,Drama
2978,Comedy
2978,Fantasy
3033,Drama
3034,Comedy
3034,Science Fiction
3053,Comedy
3053,Horror
3396,Comedy
3396,Documentary
3536,Action
3536,Drama
3536,Thriller
3536,War
3563,Comedy
3563,Romance
3980,Action
3980,Comedy
3980,Horror
3980,Science Fiction
3980,Thriller
3981,Comedy
3981,Romance
4148,Drama
4148,Romance
4226,Comedy
4638,Action
4638,Comedy
4638,Crime
4951,Comedy
4951,Drama
4951,Romance
19,Drama
19,Science Fiction
153,Drama
162,Drama
162,Fantasy
162,Romance
196,Adventure
196,Comedy
196,Family
196,Science Fiction
231,Drama
231,Thriller
252,Family
252,Fantasy
329,Adventure
329,Science Fiction
585,Animation
585,Comedy
585,Family
586,Comedy
586,Drama
587,Adventure
587,Drama
587,Fantasy
595,Crime
595,Drama
6,Action
6,Crime
6,Thriller
11,Action
11,Adventure
11,Science Fiction
16,Crime
16,Drama
16,Music
21,Documentary
58,Action
58,Adventure
58,Fantasy
82,Action
82,Adventure
82,Crime
82,Thriller
95,Action
95,Adventure
95,Science Fiction
95,Thriller
105,Adventure
105,Comedy
105,Family
105,Science Fiction
144,Drama
144,Fantasy
144,Romance
161,Crime
161,Thriller
165,Adventure
165,Comedy
165,Family
165,Science Fiction
185,Drama
185,Science Fiction
232,Action
232,Adventure
232,Crime
232,Drama
232,Romance
236,Comedy
236,Drama
236,Romance
247,Action
247,Crime
247,Drama
247,Thriller
266,Drama
272,Action
272,Crime
272,Drama
292,Comedy
292,Documentary
292,Music
300,Comedy
300,Drama
300,Fantasy
306,Action
306,Comedy
306,Crime
307,Drama
307,History
308,Comedy
308,Drama
308,Mystery
308,Romance
321,Comedy
321,Romance
339,Comedy
339,Drama
342,Comedy
342,Drama
345,Drama
345,Mystery
350,Comedy
350,Drama
350,Romance
377,Horror
380,Drama
440,Action
440,Fantasy
440,Horror
440,Science Fiction
440,Thriller
452,Comedy
452,Drama
454,Drama
454,Romance
468,Drama
468,Romance
501,Documentary
508,Comedy
508,Drama
508,Romance
509,Comedy
509,Drama
509,Romance
539,Drama
539,Horror
539,Thriller
553,Crime
553,Drama
553,Thriller
592,Crime
592,Drama
592,Mystery
594,Comedy
594,Drama
597,Drama
597,Romance
597,Thriller
616,Action
616,Drama
616,History
616,War
661,Drama
661,War
1089,Action
1089,Crime
1089,Thriller
1213,Crime
1213,Drama
1213,Thriller
1358,Documentary
2501,Action
2501,Drama
2501,Mystery
2501,Thriller
4012,Drama
223,Drama
223,Mystery
381,Crime
381,Drama
381,Mystery
381,Romance
381,Thriller
480,Comedy
480,Drama
480,Romance
913,Crime
913,Drama
913,Romance
968,Crime
968,Drama
968,Thriller
2976,Comedy
2976,Family
2976,Music
2976,Romance
25,Drama
25,War
110,Drama
110,Mystery
110,Romance
150,Action
150,Comedy
150,Crime
150,Drama
150,Thriller
527,Drama
593,Adventure
593,Drama
593,Mystery
593,Science Fiction
1245,Drama
1245,Romance
1584,Comedy
1584,Music
2269,Fantasy
2269,Horror
2759,Comedy
2759,Drama
2770,Comedy
2770,Romance
260,Action
260,Mystery
260,Thriller
296,Action
296,Science Fiction
296,Thriller
318,Drama
318,Thriller
551,Action
551,Adventure
588,Horror
588,Mystery
590,Drama
608,Action
608,Adventure
608,Comedy
608,Science Fiction
745,Drama
745,Mystery
745,Thriller
919,Animation
919,Comedy
919,Fantasy
919,Horror
919,Science Fiction
919,Thriller
1090,Mystery
1090,Science Fiction
1090,Thriller
1247,Drama
1247,History
1247,Thriller
1259,Drama
1259,Romance
1265,Adventure
1265,Drama
1265,Family
1266,Action
1266,Crime
1266,Drama
1266,Thriller
1387,Drama
1387,Music
1610,Comedy
1610,Romance
1641,Comedy
1641,Romance
1923,Drama
1923,Mystery
2011,Animation
2011,Drama
2028,Comedy
2028,Drama
2028,Romance
2064,Comedy
2064,Drama
2064,Romance
2291,Drama
2291,Horror
2291,Mystery
2355,Drama
2359,Documentary
2502,Action
2502,Drama
2502,Thriller
2959,Comedy
3114,Western
4011,Comedy
4011,Fantasy
4886,Crime
4886,Drama
4886,Mystery
4973,Drama
4973,Mystery
4995,Drama
5816,Comedy
5902,Drama
5902,History
5902,War
5991,Drama
